{"loss": -0.0, "_timestamp": 1724139647.608598, "_runtime": 28.252897024154663, "_step": 76, "_wandb": {"runtime": 25}}